DATA_ELEMENT,QUERY,NEEDLE_TEXT
"Vasopressor Administration, Severe Sepsis","Was an intravenous or intraosseous vasopressor administered within the specified time frame? The specified time frame starts at Septic Shock Presentation Time and ends six hours after. Note: Select 'Yes' if there is documentation of actual administration (e.g., 'vasopressor running', 'vasopressor given') of an IV or IO vasopressor from Appendix C, Table 5.2. Acceptable sources include MAR, IV flow sheets, nursing notes, physician notes, and transport records. Do not abstract orders unless designated as given. Do not abstract test doses or non-IV/IO routes. Select 'No' if no vasopressor administered within time frame, or unable to determine.","Per MAR, Levophed infusing via IO on arrival."
"Vasopressor Administration, Severe Sepsis","Was an intravenous or intraosseous vasopressor administered within the specified time frame? The specified time frame starts at Septic Shock Presentation Time and ends six hours after. Note: Select 'Yes' if there is documentation of actual administration (e.g., 'vasopressor running', 'vasopressor given') of an IV or IO vasopressor from Appendix C, Table 5.2. Acceptable sources include MAR, IV flow sheets, nursing notes, physician notes, and transport records. Do not abstract orders unless designated as given. Do not abstract test doses or non-IV/IO routes. Select 'No' if no vasopressor administered within time frame, or unable to determine.","Per Emergency Department record, norepinephrine vasopressor running via intraosseous at 08:00."
"Vasopressor Administration, Severe Sepsis","Was an intravenous or intraosseous vasopressor administered within the specified time frame? The specified time frame starts at Septic Shock Presentation Time and ends six hours after. Note: Select 'Yes' if there is documentation of actual administration (e.g., 'vasopressor running', 'vasopressor given') of an IV or IO vasopressor from Appendix C, Table 5.2. Acceptable sources include MAR, IV flow sheets, nursing notes, physician notes, and transport records. Do not abstract orders unless designated as given. Do not abstract test doses or non-IV/IO routes. Select 'No' if no vasopressor administered within time frame, or unable to determine.",ambulance record documents phenylephrine infusing IV within the specified time frame.
"Vasopressor Administration, Severe Sepsis","Was an intravenous or intraosseous vasopressor administered within the specified time frame? The specified time frame starts at Septic Shock Presentation Time and ends six hours after. Note: Select 'Yes' if there is documentation of actual administration (e.g., 'vasopressor running', 'vasopressor given') of an IV or IO vasopressor from Appendix C, Table 5.2. Acceptable sources include MAR, IV flow sheets, nursing notes, physician notes, and transport records. Do not abstract orders unless designated as given. Do not abstract test doses or non-IV/IO routes. Select 'No' if no vasopressor administered within time frame, or unable to determine.",Medication Administration Record documents Adrenalin vasopressor running IO within the specified time frame.
"Vasopressor Administration, Severe Sepsis","Was an intravenous or intraosseous vasopressor administered within the specified time frame? The specified time frame starts at Septic Shock Presentation Time and ends six hours after. Note: Select 'Yes' if there is documentation of actual administration (e.g., 'vasopressor running', 'vasopressor given') of an IV or IO vasopressor from Appendix C, Table 5.2. Acceptable sources include MAR, IV flow sheets, nursing notes, physician notes, and transport records. Do not abstract orders unless designated as given. Do not abstract test doses or non-IV/IO routes. Select 'No' if no vasopressor administered within time frame, or unable to determine.",IV flow sheet shows epinephrine infusing intravenous at 08:00.
"Vasopressor Administration, Severe Sepsis","Was an intravenous or intraosseous vasopressor administered within the specified time frame? The specified time frame starts at Septic Shock Presentation Time and ends six hours after. Note: Select 'Yes' if there is documentation of actual administration (e.g., 'vasopressor running', 'vasopressor given') of an IV or IO vasopressor from Appendix C, Table 5.2. Acceptable sources include MAR, IV flow sheets, nursing notes, physician notes, and transport records. Do not abstract orders unless designated as given. Do not abstract test doses or non-IV/IO routes. Select 'No' if no vasopressor administered within time frame, or unable to determine.","Per physician note, Neo-Synephrine initiated via IV at septic shock presentation."
"Vasopressor Administration, Severe Sepsis","Was an intravenous or intraosseous vasopressor administered within the specified time frame? The specified time frame starts at Septic Shock Presentation Time and ends six hours after. Note: Select 'Yes' if there is documentation of actual administration (e.g., 'vasopressor running', 'vasopressor given') of an IV or IO vasopressor from Appendix C, Table 5.2. Acceptable sources include MAR, IV flow sheets, nursing notes, physician notes, and transport records. Do not abstract orders unless designated as given. Do not abstract test doses or non-IV/IO routes. Select 'No' if no vasopressor administered within time frame, or unable to determine.",Adrenalin IV titrating at septic shock presentation.
"Vasopressor Administration, Severe Sepsis","Was an intravenous or intraosseous vasopressor administered within the specified time frame? The specified time frame starts at Septic Shock Presentation Time and ends six hours after. Note: Select 'Yes' if there is documentation of actual administration (e.g., 'vasopressor running', 'vasopressor given') of an IV or IO vasopressor from Appendix C, Table 5.2. Acceptable sources include MAR, IV flow sheets, nursing notes, physician notes, and transport records. Do not abstract orders unless designated as given. Do not abstract test doses or non-IV/IO routes. Select 'No' if no vasopressor administered within time frame, or unable to determine.",vasopressin infusing at time of septic shock presentation within 1 hour of presentation.
"Vasopressor Administration, Severe Sepsis","Was an intravenous or intraosseous vasopressor administered within the specified time frame? The specified time frame starts at Septic Shock Presentation Time and ends six hours after. Note: Select 'Yes' if there is documentation of actual administration (e.g., 'vasopressor running', 'vasopressor given') of an IV or IO vasopressor from Appendix C, Table 5.2. Acceptable sources include MAR, IV flow sheets, nursing notes, physician notes, and transport records. Do not abstract orders unless designated as given. Do not abstract test doses or non-IV/IO routes. Select 'No' if no vasopressor administered within time frame, or unable to determine.",norepinephrine infusion vasopressor given per APN note at septic shock presentation.
"Vasopressor Administration, Severe Sepsis","Was an intravenous or intraosseous vasopressor administered within the specified time frame? The specified time frame starts at Septic Shock Presentation Time and ends six hours after. Note: Select 'Yes' if there is documentation of actual administration (e.g., 'vasopressor running', 'vasopressor given') of an IV or IO vasopressor from Appendix C, Table 5.2. Acceptable sources include MAR, IV flow sheets, nursing notes, physician notes, and transport records. Do not abstract orders unless designated as given. Do not abstract test doses or non-IV/IO routes. Select 'No' if no vasopressor administered within time frame, or unable to determine.",Patient on vasopressin drip initiated at presentation within 1 hour of presentation.
"Vasopressor Administration, Severe Sepsis","Was an intravenous or intraosseous vasopressor administered within the specified time frame? The specified time frame starts at Septic Shock Presentation Time and ends six hours after. Note: Select 'Yes' if there is documentation of actual administration (e.g., 'vasopressor running', 'vasopressor given') of an IV or IO vasopressor from Appendix C, Table 5.2. Acceptable sources include MAR, IV flow sheets, nursing notes, physician notes, and transport records. Do not abstract orders unless designated as given. Do not abstract test doses or non-IV/IO routes. Select 'No' if no vasopressor administered within time frame, or unable to determine.",norepinephrine infusion infusing per Medication Administration Record at 22:30.
"Vasopressor Administration, Severe Sepsis","Was an intravenous or intraosseous vasopressor administered within the specified time frame? The specified time frame starts at Septic Shock Presentation Time and ends six hours after. Note: Select 'Yes' if there is documentation of actual administration (e.g., 'vasopressor running', 'vasopressor given') of an IV or IO vasopressor from Appendix C, Table 5.2. Acceptable sources include MAR, IV flow sheets, nursing notes, physician notes, and transport records. Do not abstract orders unless designated as given. Do not abstract test doses or non-IV/IO routes. Select 'No' if no vasopressor administered within time frame, or unable to determine.",Nursing note: epinephrine initiated via intravenous within 1 hour of presentation.
"Vasopressor Administration, Severe Sepsis","Was an intravenous or intraosseous vasopressor administered within the specified time frame? The specified time frame starts at Septic Shock Presentation Time and ends six hours after. Note: Select 'Yes' if there is documentation of actual administration (e.g., 'vasopressor running', 'vasopressor given') of an IV or IO vasopressor from Appendix C, Table 5.2. Acceptable sources include MAR, IV flow sheets, nursing notes, physician notes, and transport records. Do not abstract orders unless designated as given. Do not abstract test doses or non-IV/IO routes. Select 'No' if no vasopressor administered within time frame, or unable to determine.",vasopressin intraosseous started within 1 hour of presentation.
"Vasopressor Administration, Severe Sepsis","Was an intravenous or intraosseous vasopressor administered within the specified time frame? The specified time frame starts at Septic Shock Presentation Time and ends six hours after. Note: Select 'Yes' if there is documentation of actual administration (e.g., 'vasopressor running', 'vasopressor given') of an IV or IO vasopressor from Appendix C, Table 5.2. Acceptable sources include MAR, IV flow sheets, nursing notes, physician notes, and transport records. Do not abstract orders unless designated as given. Do not abstract test doses or non-IV/IO routes. Select 'No' if no vasopressor administered within time frame, or unable to determine.",vasopressin infusing at time of septic shock presentation at 22:30.
"Vasopressor Administration, Severe Sepsis","Was an intravenous or intraosseous vasopressor administered within the specified time frame? The specified time frame starts at Septic Shock Presentation Time and ends six hours after. Note: Select 'Yes' if there is documentation of actual administration (e.g., 'vasopressor running', 'vasopressor given') of an IV or IO vasopressor from Appendix C, Table 5.2. Acceptable sources include MAR, IV flow sheets, nursing notes, physician notes, and transport records. Do not abstract orders unless designated as given. Do not abstract test doses or non-IV/IO routes. Select 'No' if no vasopressor administered within time frame, or unable to determine.",Patient receiving epinephrine via intravenous at time of triage - infusing at septic shock presentation.
"Vasopressor Administration, Severe Sepsis","Was an intravenous or intraosseous vasopressor administered within the specified time frame? The specified time frame starts at Septic Shock Presentation Time and ends six hours after. Note: Select 'Yes' if there is documentation of actual administration (e.g., 'vasopressor running', 'vasopressor given') of an IV or IO vasopressor from Appendix C, Table 5.2. Acceptable sources include MAR, IV flow sheets, nursing notes, physician notes, and transport records. Do not abstract orders unless designated as given. Do not abstract test doses or non-IV/IO routes. Select 'No' if no vasopressor administered within time frame, or unable to determine.",Neo-Synephrine infusing at time of septic shock presentation on arrival.
"Vasopressor Administration, Severe Sepsis","Was an intravenous or intraosseous vasopressor administered within the specified time frame? The specified time frame starts at Septic Shock Presentation Time and ends six hours after. Note: Select 'Yes' if there is documentation of actual administration (e.g., 'vasopressor running', 'vasopressor given') of an IV or IO vasopressor from Appendix C, Table 5.2. Acceptable sources include MAR, IV flow sheets, nursing notes, physician notes, and transport records. Do not abstract orders unless designated as given. Do not abstract test doses or non-IV/IO routes. Select 'No' if no vasopressor administered within time frame, or unable to determine.",Adrenalin started at on arrival per IV flow sheet - vasopressor running via IV.
"Vasopressor Administration, Severe Sepsis","Was an intravenous or intraosseous vasopressor administered within the specified time frame? The specified time frame starts at Septic Shock Presentation Time and ends six hours after. Note: Select 'Yes' if there is documentation of actual administration (e.g., 'vasopressor running', 'vasopressor given') of an IV or IO vasopressor from Appendix C, Table 5.2. Acceptable sources include MAR, IV flow sheets, nursing notes, physician notes, and transport records. Do not abstract orders unless designated as given. Do not abstract test doses or non-IV/IO routes. Select 'No' if no vasopressor administered within time frame, or unable to determine.",Patient receiving Neo-Synephrine via IV at time of triage - titrating at 22:30.
"Vasopressor Administration, Severe Sepsis","Was an intravenous or intraosseous vasopressor administered within the specified time frame? The specified time frame starts at Septic Shock Presentation Time and ends six hours after. Note: Select 'Yes' if there is documentation of actual administration (e.g., 'vasopressor running', 'vasopressor given') of an IV or IO vasopressor from Appendix C, Table 5.2. Acceptable sources include MAR, IV flow sheets, nursing notes, physician notes, and transport records. Do not abstract orders unless designated as given. Do not abstract test doses or non-IV/IO routes. Select 'No' if no vasopressor administered within time frame, or unable to determine.",epinephrine started at at septic shock presentation per ambulance record - vasopressor given via IV.
"Vasopressor Administration, Severe Sepsis","Was an intravenous or intraosseous vasopressor administered within the specified time frame? The specified time frame starts at Septic Shock Presentation Time and ends six hours after. Note: Select 'Yes' if there is documentation of actual administration (e.g., 'vasopressor running', 'vasopressor given') of an IV or IO vasopressor from Appendix C, Table 5.2. Acceptable sources include MAR, IV flow sheets, nursing notes, physician notes, and transport records. Do not abstract orders unless designated as given. Do not abstract test doses or non-IV/IO routes. Select 'No' if no vasopressor administered within time frame, or unable to determine.",IV flow sheet shows norepinephrine titrating IO at 22:30.
"Vasopressor Administration, Severe Sepsis","Was an intravenous or intraosseous vasopressor administered within the specified time frame? The specified time frame starts at Septic Shock Presentation Time and ends six hours after. Note: Select 'Yes' if there is documentation of actual administration (e.g., 'vasopressor running', 'vasopressor given') of an IV or IO vasopressor from Appendix C, Table 5.2. Acceptable sources include MAR, IV flow sheets, nursing notes, physician notes, and transport records. Do not abstract orders unless designated as given. Do not abstract test doses or non-IV/IO routes. Select 'No' if no vasopressor administered within time frame, or unable to determine.",epinephrine intravenous vasopressor given within 1 hour of presentation.
"Vasopressor Administration, Severe Sepsis","Was an intravenous or intraosseous vasopressor administered within the specified time frame? The specified time frame starts at Septic Shock Presentation Time and ends six hours after. Note: Select 'Yes' if there is documentation of actual administration (e.g., 'vasopressor running', 'vasopressor given') of an IV or IO vasopressor from Appendix C, Table 5.2. Acceptable sources include MAR, IV flow sheets, nursing notes, physician notes, and transport records. Do not abstract orders unless designated as given. Do not abstract test doses or non-IV/IO routes. Select 'No' if no vasopressor administered within time frame, or unable to determine.",Patient receiving vasopressin via intravenous at time of triage - vasopressor running at 22:30.
"Vasopressor Administration, Severe Sepsis","Was an intravenous or intraosseous vasopressor administered within the specified time frame? The specified time frame starts at Septic Shock Presentation Time and ends six hours after. Note: Select 'Yes' if there is documentation of actual administration (e.g., 'vasopressor running', 'vasopressor given') of an IV or IO vasopressor from Appendix C, Table 5.2. Acceptable sources include MAR, IV flow sheets, nursing notes, physician notes, and transport records. Do not abstract orders unless designated as given. Do not abstract test doses or non-IV/IO routes. Select 'No' if no vasopressor administered within time frame, or unable to determine.",norepinephrine IO started at time of triage.
"Vasopressor Administration, Severe Sepsis","Was an intravenous or intraosseous vasopressor administered within the specified time frame? The specified time frame starts at Septic Shock Presentation Time and ends six hours after. Note: Select 'Yes' if there is documentation of actual administration (e.g., 'vasopressor running', 'vasopressor given') of an IV or IO vasopressor from Appendix C, Table 5.2. Acceptable sources include MAR, IV flow sheets, nursing notes, physician notes, and transport records. Do not abstract orders unless designated as given. Do not abstract test doses or non-IV/IO routes. Select 'No' if no vasopressor administered within time frame, or unable to determine.",IV flow sheet documents norepinephrine on continuous infusion IV on arrival.
"Vasopressor Administration, Severe Sepsis","Was an intravenous or intraosseous vasopressor administered within the specified time frame? The specified time frame starts at Septic Shock Presentation Time and ends six hours after. Note: Select 'Yes' if there is documentation of actual administration (e.g., 'vasopressor running', 'vasopressor given') of an IV or IO vasopressor from Appendix C, Table 5.2. Acceptable sources include MAR, IV flow sheets, nursing notes, physician notes, and transport records. Do not abstract orders unless designated as given. Do not abstract test doses or non-IV/IO routes. Select 'No' if no vasopressor administered within time frame, or unable to determine.",Patient receiving Adrenalin via intravenous at time of triage - started within the specified time frame.
"Vasopressor Administration, Severe Sepsis","Was an intravenous or intraosseous vasopressor administered within the specified time frame? The specified time frame starts at Septic Shock Presentation Time and ends six hours after. Note: Select 'Yes' if there is documentation of actual administration (e.g., 'vasopressor running', 'vasopressor given') of an IV or IO vasopressor from Appendix C, Table 5.2. Acceptable sources include MAR, IV flow sheets, nursing notes, physician notes, and transport records. Do not abstract orders unless designated as given. Do not abstract test doses or non-IV/IO routes. Select 'No' if no vasopressor administered within time frame, or unable to determine.",physician note documents phenylephrine titrating IO at 22:30.
"Vasopressor Administration, Severe Sepsis","Was an intravenous or intraosseous vasopressor administered within the specified time frame? The specified time frame starts at Septic Shock Presentation Time and ends six hours after. Note: Select 'Yes' if there is documentation of actual administration (e.g., 'vasopressor running', 'vasopressor given') of an IV or IO vasopressor from Appendix C, Table 5.2. Acceptable sources include MAR, IV flow sheets, nursing notes, physician notes, and transport records. Do not abstract orders unless designated as given. Do not abstract test doses or non-IV/IO routes. Select 'No' if no vasopressor administered within time frame, or unable to determine.",Adrenalin started at at 08:00 per MAR - infusing via IV.
"Vasopressor Administration, Severe Sepsis","Was an intravenous or intraosseous vasopressor administered within the specified time frame? The specified time frame starts at Septic Shock Presentation Time and ends six hours after. Note: Select 'Yes' if there is documentation of actual administration (e.g., 'vasopressor running', 'vasopressor given') of an IV or IO vasopressor from Appendix C, Table 5.2. Acceptable sources include MAR, IV flow sheets, nursing notes, physician notes, and transport records. Do not abstract orders unless designated as given. Do not abstract test doses or non-IV/IO routes. Select 'No' if no vasopressor administered within time frame, or unable to determine.",IV flow sheet shows Levophed infusing intravenous at 08:00.
"Vasopressor Administration, Severe Sepsis","Was an intravenous or intraosseous vasopressor administered within the specified time frame? The specified time frame starts at Septic Shock Presentation Time and ends six hours after. Note: Select 'Yes' if there is documentation of actual administration (e.g., 'vasopressor running', 'vasopressor given') of an IV or IO vasopressor from Appendix C, Table 5.2. Acceptable sources include MAR, IV flow sheets, nursing notes, physician notes, and transport records. Do not abstract orders unless designated as given. Do not abstract test doses or non-IV/IO routes. Select 'No' if no vasopressor administered within time frame, or unable to determine.",phenylephrine IV vasopressor running at 08:00.
"Vasopressor Administration, Severe Sepsis","Was an intravenous or intraosseous vasopressor administered within the specified time frame? The specified time frame starts at Septic Shock Presentation Time and ends six hours after. Note: Select 'Yes' if there is documentation of actual administration (e.g., 'vasopressor running', 'vasopressor given') of an IV or IO vasopressor from Appendix C, Table 5.2. Acceptable sources include MAR, IV flow sheets, nursing notes, physician notes, and transport records. Do not abstract orders unless designated as given. Do not abstract test doses or non-IV/IO routes. Select 'No' if no vasopressor administered within time frame, or unable to determine.",phenylephrine started at on arrival per MAR - on continuous infusion via IO.
"Vasopressor Administration, Severe Sepsis","Was an intravenous or intraosseous vasopressor administered within the specified time frame? The specified time frame starts at Septic Shock Presentation Time and ends six hours after. Note: Select 'Yes' if there is documentation of actual administration (e.g., 'vasopressor running', 'vasopressor given') of an IV or IO vasopressor from Appendix C, Table 5.2. Acceptable sources include MAR, IV flow sheets, nursing notes, physician notes, and transport records. Do not abstract orders unless designated as given. Do not abstract test doses or non-IV/IO routes. Select 'No' if no vasopressor administered within time frame, or unable to determine.",Adrenalin infusing at time of septic shock presentation within 1 hour of presentation.
"Vasopressor Administration, Severe Sepsis","Was an intravenous or intraosseous vasopressor administered within the specified time frame? The specified time frame starts at Septic Shock Presentation Time and ends six hours after. Note: Select 'Yes' if there is documentation of actual administration (e.g., 'vasopressor running', 'vasopressor given') of an IV or IO vasopressor from Appendix C, Table 5.2. Acceptable sources include MAR, IV flow sheets, nursing notes, physician notes, and transport records. Do not abstract orders unless designated as given. Do not abstract test doses or non-IV/IO routes. Select 'No' if no vasopressor administered within time frame, or unable to determine.","Per APN note, norepinephrine initiated via intraosseous within the specified time frame."
"Vasopressor Administration, Severe Sepsis","Was an intravenous or intraosseous vasopressor administered within the specified time frame? The specified time frame starts at Septic Shock Presentation Time and ends six hours after. Note: Select 'Yes' if there is documentation of actual administration (e.g., 'vasopressor running', 'vasopressor given') of an IV or IO vasopressor from Appendix C, Table 5.2. Acceptable sources include MAR, IV flow sheets, nursing notes, physician notes, and transport records. Do not abstract orders unless designated as given. Do not abstract test doses or non-IV/IO routes. Select 'No' if no vasopressor administered within time frame, or unable to determine.",Patient on Levophed drip vasopressor running at presentation 2 hours after presentation.
"Vasopressor Administration, Severe Sepsis","Was an intravenous or intraosseous vasopressor administered within the specified time frame? The specified time frame starts at Septic Shock Presentation Time and ends six hours after. Note: Select 'Yes' if there is documentation of actual administration (e.g., 'vasopressor running', 'vasopressor given') of an IV or IO vasopressor from Appendix C, Table 5.2. Acceptable sources include MAR, IV flow sheets, nursing notes, physician notes, and transport records. Do not abstract orders unless designated as given. Do not abstract test doses or non-IV/IO routes. Select 'No' if no vasopressor administered within time frame, or unable to determine.","Per ambulance record, phenylephrine infusing via intravenous at 22:30."
"Vasopressor Administration, Severe Sepsis","Was an intravenous or intraosseous vasopressor administered within the specified time frame? The specified time frame starts at Septic Shock Presentation Time and ends six hours after. Note: Select 'Yes' if there is documentation of actual administration (e.g., 'vasopressor running', 'vasopressor given') of an IV or IO vasopressor from Appendix C, Table 5.2. Acceptable sources include MAR, IV flow sheets, nursing notes, physician notes, and transport records. Do not abstract orders unless designated as given. Do not abstract test doses or non-IV/IO routes. Select 'No' if no vasopressor administered within time frame, or unable to determine.",Patient receiving Neo-Synephrine via intravenous at time of triage - started within 1 hour of presentation.
"Vasopressor Administration, Severe Sepsis","Was an intravenous or intraosseous vasopressor administered within the specified time frame? The specified time frame starts at Septic Shock Presentation Time and ends six hours after. Note: Select 'Yes' if there is documentation of actual administration (e.g., 'vasopressor running', 'vasopressor given') of an IV or IO vasopressor from Appendix C, Table 5.2. Acceptable sources include MAR, IV flow sheets, nursing notes, physician notes, and transport records. Do not abstract orders unless designated as given. Do not abstract test doses or non-IV/IO routes. Select 'No' if no vasopressor administered within time frame, or unable to determine.","Per ambulance record, Adrenalin vasopressor running via IV at time of triage."
"Vasopressor Administration, Severe Sepsis","Was an intravenous or intraosseous vasopressor administered within the specified time frame? The specified time frame starts at Septic Shock Presentation Time and ends six hours after. Note: Select 'Yes' if there is documentation of actual administration (e.g., 'vasopressor running', 'vasopressor given') of an IV or IO vasopressor from Appendix C, Table 5.2. Acceptable sources include MAR, IV flow sheets, nursing notes, physician notes, and transport records. Do not abstract orders unless designated as given. Do not abstract test doses or non-IV/IO routes. Select 'No' if no vasopressor administered within time frame, or unable to determine.","Per transport record, phenylephrine titrating via intravenous at 22:30."
"Vasopressor Administration, Severe Sepsis","Was an intravenous or intraosseous vasopressor administered within the specified time frame? The specified time frame starts at Septic Shock Presentation Time and ends six hours after. Note: Select 'Yes' if there is documentation of actual administration (e.g., 'vasopressor running', 'vasopressor given') of an IV or IO vasopressor from Appendix C, Table 5.2. Acceptable sources include MAR, IV flow sheets, nursing notes, physician notes, and transport records. Do not abstract orders unless designated as given. Do not abstract test doses or non-IV/IO routes. Select 'No' if no vasopressor administered within time frame, or unable to determine.",APN note documents Neo-Synephrine administered IV at time of triage.
"Vasopressor Administration, Severe Sepsis","Was an intravenous or intraosseous vasopressor administered within the specified time frame? The specified time frame starts at Septic Shock Presentation Time and ends six hours after. Note: Select 'Yes' if there is documentation of actual administration (e.g., 'vasopressor running', 'vasopressor given') of an IV or IO vasopressor from Appendix C, Table 5.2. Acceptable sources include MAR, IV flow sheets, nursing notes, physician notes, and transport records. Do not abstract orders unless designated as given. Do not abstract test doses or non-IV/IO routes. Select 'No' if no vasopressor administered within time frame, or unable to determine.",Nursing note: epinephrine started via intraosseous at 22:30.
"Vasopressor Administration, Severe Sepsis","Was an intravenous or intraosseous vasopressor administered within the specified time frame? The specified time frame starts at Septic Shock Presentation Time and ends six hours after. Note: Select 'Yes' if there is documentation of actual administration (e.g., 'vasopressor running', 'vasopressor given') of an IV or IO vasopressor from Appendix C, Table 5.2. Acceptable sources include MAR, IV flow sheets, nursing notes, physician notes, and transport records. Do not abstract orders unless designated as given. Do not abstract test doses or non-IV/IO routes. Select 'No' if no vasopressor administered within time frame, or unable to determine.",Patient receiving phenylephrine via IO at time of triage - infusing at time of triage.
"Vasopressor Administration, Severe Sepsis","Was an intravenous or intraosseous vasopressor administered within the specified time frame? The specified time frame starts at Septic Shock Presentation Time and ends six hours after. Note: Select 'Yes' if there is documentation of actual administration (e.g., 'vasopressor running', 'vasopressor given') of an IV or IO vasopressor from Appendix C, Table 5.2. Acceptable sources include MAR, IV flow sheets, nursing notes, physician notes, and transport records. Do not abstract orders unless designated as given. Do not abstract test doses or non-IV/IO routes. Select 'No' if no vasopressor administered within time frame, or unable to determine.",IV flow sheet shows Levophed on continuous infusion IV on arrival.
"Vasopressor Administration, Severe Sepsis","Was an intravenous or intraosseous vasopressor administered within the specified time frame? The specified time frame starts at Septic Shock Presentation Time and ends six hours after. Note: Select 'Yes' if there is documentation of actual administration (e.g., 'vasopressor running', 'vasopressor given') of an IV or IO vasopressor from Appendix C, Table 5.2. Acceptable sources include MAR, IV flow sheets, nursing notes, physician notes, and transport records. Do not abstract orders unless designated as given. Do not abstract test doses or non-IV/IO routes. Select 'No' if no vasopressor administered within time frame, or unable to determine.",norepinephrine intravenous vasopressor given within 1 hour of presentation.
"Vasopressor Administration, Severe Sepsis","Was an intravenous or intraosseous vasopressor administered within the specified time frame? The specified time frame starts at Septic Shock Presentation Time and ends six hours after. Note: Select 'Yes' if there is documentation of actual administration (e.g., 'vasopressor running', 'vasopressor given') of an IV or IO vasopressor from Appendix C, Table 5.2. Acceptable sources include MAR, IV flow sheets, nursing notes, physician notes, and transport records. Do not abstract orders unless designated as given. Do not abstract test doses or non-IV/IO routes. Select 'No' if no vasopressor administered within time frame, or unable to determine.",Nursing note: norepinephrine vasopressor running via intravenous within the specified time frame.
"Vasopressor Administration, Severe Sepsis","Was an intravenous or intraosseous vasopressor administered within the specified time frame? The specified time frame starts at Septic Shock Presentation Time and ends six hours after. Note: Select 'Yes' if there is documentation of actual administration (e.g., 'vasopressor running', 'vasopressor given') of an IV or IO vasopressor from Appendix C, Table 5.2. Acceptable sources include MAR, IV flow sheets, nursing notes, physician notes, and transport records. Do not abstract orders unless designated as given. Do not abstract test doses or non-IV/IO routes. Select 'No' if no vasopressor administered within time frame, or unable to determine.",vasopressin infusing at time of septic shock presentation within 1 hour of presentation.
"Vasopressor Administration, Severe Sepsis","Was an intravenous or intraosseous vasopressor administered within the specified time frame? The specified time frame starts at Septic Shock Presentation Time and ends six hours after. Note: Select 'Yes' if there is documentation of actual administration (e.g., 'vasopressor running', 'vasopressor given') of an IV or IO vasopressor from Appendix C, Table 5.2. Acceptable sources include MAR, IV flow sheets, nursing notes, physician notes, and transport records. Do not abstract orders unless designated as given. Do not abstract test doses or non-IV/IO routes. Select 'No' if no vasopressor administered within time frame, or unable to determine.",Neo-Synephrine infusion started per transport record 2 hours after presentation.
"Vasopressor Administration, Severe Sepsis","Was an intravenous or intraosseous vasopressor administered within the specified time frame? The specified time frame starts at Septic Shock Presentation Time and ends six hours after. Note: Select 'Yes' if there is documentation of actual administration (e.g., 'vasopressor running', 'vasopressor given') of an IV or IO vasopressor from Appendix C, Table 5.2. Acceptable sources include MAR, IV flow sheets, nursing notes, physician notes, and transport records. Do not abstract orders unless designated as given. Do not abstract test doses or non-IV/IO routes. Select 'No' if no vasopressor administered within time frame, or unable to determine.","Per IV flow sheet, Levophed vasopressor given via intraosseous within 1 hour of presentation."
"Vasopressor Administration, Severe Sepsis","Was an intravenous or intraosseous vasopressor administered within the specified time frame? The specified time frame starts at Septic Shock Presentation Time and ends six hours after. Note: Select 'Yes' if there is documentation of actual administration (e.g., 'vasopressor running', 'vasopressor given') of an IV or IO vasopressor from Appendix C, Table 5.2. Acceptable sources include MAR, IV flow sheets, nursing notes, physician notes, and transport records. Do not abstract orders unless designated as given. Do not abstract test doses or non-IV/IO routes. Select 'No' if no vasopressor administered within time frame, or unable to determine.",epinephrine started at within 1 hour of presentation per IV flow sheet - initiated via intravenous.
"Vasopressor Administration, Severe Sepsis","Was an intravenous or intraosseous vasopressor administered within the specified time frame? The specified time frame starts at Septic Shock Presentation Time and ends six hours after. Note: Select 'Yes' if there is documentation of actual administration (e.g., 'vasopressor running', 'vasopressor given') of an IV or IO vasopressor from Appendix C, Table 5.2. Acceptable sources include MAR, IV flow sheets, nursing notes, physician notes, and transport records. Do not abstract orders unless designated as given. Do not abstract test doses or non-IV/IO routes. Select 'No' if no vasopressor administered within time frame, or unable to determine.",IV flow sheet shows epinephrine on continuous infusion intravenous at septic shock presentation.
"Vasopressor Administration, Severe Sepsis","Was an intravenous or intraosseous vasopressor administered within the specified time frame? The specified time frame starts at Septic Shock Presentation Time and ends six hours after. Note: Select 'Yes' if there is documentation of actual administration (e.g., 'vasopressor running', 'vasopressor given') of an IV or IO vasopressor from Appendix C, Table 5.2. Acceptable sources include MAR, IV flow sheets, nursing notes, physician notes, and transport records. Do not abstract orders unless designated as given. Do not abstract test doses or non-IV/IO routes. Select 'No' if no vasopressor administered within time frame, or unable to determine.",Levophed infusing at time of septic shock presentation at septic shock presentation.
"Vasopressor Administration, Severe Sepsis","Was an intravenous or intraosseous vasopressor administered within the specified time frame? The specified time frame starts at Septic Shock Presentation Time and ends six hours after. Note: Select 'Yes' if there is documentation of actual administration (e.g., 'vasopressor running', 'vasopressor given') of an IV or IO vasopressor from Appendix C, Table 5.2. Acceptable sources include MAR, IV flow sheets, nursing notes, physician notes, and transport records. Do not abstract orders unless designated as given. Do not abstract test doses or non-IV/IO routes. Select 'No' if no vasopressor administered within time frame, or unable to determine.","Per nursing note, norepinephrine started via intravenous within 1 hour of presentation."
"Vasopressor Administration, Severe Sepsis","Was an intravenous or intraosseous vasopressor administered within the specified time frame? The specified time frame starts at Septic Shock Presentation Time and ends six hours after. Note: Select 'Yes' if there is documentation of actual administration (e.g., 'vasopressor running', 'vasopressor given') of an IV or IO vasopressor from Appendix C, Table 5.2. Acceptable sources include MAR, IV flow sheets, nursing notes, physician notes, and transport records. Do not abstract orders unless designated as given. Do not abstract test doses or non-IV/IO routes. Select 'No' if no vasopressor administered within time frame, or unable to determine.",IV flow sheet shows phenylephrine on continuous infusion IO at time of triage.
"Vasopressor Administration, Severe Sepsis","Was an intravenous or intraosseous vasopressor administered within the specified time frame? The specified time frame starts at Septic Shock Presentation Time and ends six hours after. Note: Select 'Yes' if there is documentation of actual administration (e.g., 'vasopressor running', 'vasopressor given') of an IV or IO vasopressor from Appendix C, Table 5.2. Acceptable sources include MAR, IV flow sheets, nursing notes, physician notes, and transport records. Do not abstract orders unless designated as given. Do not abstract test doses or non-IV/IO routes. Select 'No' if no vasopressor administered within time frame, or unable to determine.","Per Emergency Department record, Neo-Synephrine vasopressor running via IO 2 hours after presentation."
"Vasopressor Administration, Severe Sepsis","Was an intravenous or intraosseous vasopressor administered within the specified time frame? The specified time frame starts at Septic Shock Presentation Time and ends six hours after. Note: Select 'Yes' if there is documentation of actual administration (e.g., 'vasopressor running', 'vasopressor given') of an IV or IO vasopressor from Appendix C, Table 5.2. Acceptable sources include MAR, IV flow sheets, nursing notes, physician notes, and transport records. Do not abstract orders unless designated as given. Do not abstract test doses or non-IV/IO routes. Select 'No' if no vasopressor administered within time frame, or unable to determine.",Patient receiving epinephrine via intravenous at time of triage - on continuous infusion within the specified time frame.
"Vasopressor Administration, Severe Sepsis","Was an intravenous or intraosseous vasopressor administered within the specified time frame? The specified time frame starts at Septic Shock Presentation Time and ends six hours after. Note: Select 'Yes' if there is documentation of actual administration (e.g., 'vasopressor running', 'vasopressor given') of an IV or IO vasopressor from Appendix C, Table 5.2. Acceptable sources include MAR, IV flow sheets, nursing notes, physician notes, and transport records. Do not abstract orders unless designated as given. Do not abstract test doses or non-IV/IO routes. Select 'No' if no vasopressor administered within time frame, or unable to determine.",Levophed started at at time of triage per Medication Administration Record - vasopressor given via IV.
"Vasopressor Administration, Severe Sepsis","Was an intravenous or intraosseous vasopressor administered within the specified time frame? The specified time frame starts at Septic Shock Presentation Time and ends six hours after. Note: Select 'Yes' if there is documentation of actual administration (e.g., 'vasopressor running', 'vasopressor given') of an IV or IO vasopressor from Appendix C, Table 5.2. Acceptable sources include MAR, IV flow sheets, nursing notes, physician notes, and transport records. Do not abstract orders unless designated as given. Do not abstract test doses or non-IV/IO routes. Select 'No' if no vasopressor administered within time frame, or unable to determine.",IV flow sheet shows dopamine administered intraosseous at septic shock presentation.
"Vasopressor Administration, Severe Sepsis","Was an intravenous or intraosseous vasopressor administered within the specified time frame? The specified time frame starts at Septic Shock Presentation Time and ends six hours after. Note: Select 'Yes' if there is documentation of actual administration (e.g., 'vasopressor running', 'vasopressor given') of an IV or IO vasopressor from Appendix C, Table 5.2. Acceptable sources include MAR, IV flow sheets, nursing notes, physician notes, and transport records. Do not abstract orders unless designated as given. Do not abstract test doses or non-IV/IO routes. Select 'No' if no vasopressor administered within time frame, or unable to determine.",IV flow sheet shows Levophed infusing IO at 08:00.
"Vasopressor Administration, Severe Sepsis","Was an intravenous or intraosseous vasopressor administered within the specified time frame? The specified time frame starts at Septic Shock Presentation Time and ends six hours after. Note: Select 'Yes' if there is documentation of actual administration (e.g., 'vasopressor running', 'vasopressor given') of an IV or IO vasopressor from Appendix C, Table 5.2. Acceptable sources include MAR, IV flow sheets, nursing notes, physician notes, and transport records. Do not abstract orders unless designated as given. Do not abstract test doses or non-IV/IO routes. Select 'No' if no vasopressor administered within time frame, or unable to determine.",IV flow sheet shows Neo-Synephrine infusing intravenous on arrival.
"Vasopressor Administration, Severe Sepsis","Was an intravenous or intraosseous vasopressor administered within the specified time frame? The specified time frame starts at Septic Shock Presentation Time and ends six hours after. Note: Select 'Yes' if there is documentation of actual administration (e.g., 'vasopressor running', 'vasopressor given') of an IV or IO vasopressor from Appendix C, Table 5.2. Acceptable sources include MAR, IV flow sheets, nursing notes, physician notes, and transport records. Do not abstract orders unless designated as given. Do not abstract test doses or non-IV/IO routes. Select 'No' if no vasopressor administered within time frame, or unable to determine.",Nursing note: Levophed initiated via intravenous within 1 hour of presentation.
"Vasopressor Administration, Severe Sepsis","Was an intravenous or intraosseous vasopressor administered within the specified time frame? The specified time frame starts at Septic Shock Presentation Time and ends six hours after. Note: Select 'Yes' if there is documentation of actual administration (e.g., 'vasopressor running', 'vasopressor given') of an IV or IO vasopressor from Appendix C, Table 5.2. Acceptable sources include MAR, IV flow sheets, nursing notes, physician notes, and transport records. Do not abstract orders unless designated as given. Do not abstract test doses or non-IV/IO routes. Select 'No' if no vasopressor administered within time frame, or unable to determine.",dopamine infusion titrating per Emergency Department record at 22:30.
"Vasopressor Administration, Severe Sepsis","Was an intravenous or intraosseous vasopressor administered within the specified time frame? The specified time frame starts at Septic Shock Presentation Time and ends six hours after. Note: Select 'Yes' if there is documentation of actual administration (e.g., 'vasopressor running', 'vasopressor given') of an IV or IO vasopressor from Appendix C, Table 5.2. Acceptable sources include MAR, IV flow sheets, nursing notes, physician notes, and transport records. Do not abstract orders unless designated as given. Do not abstract test doses or non-IV/IO routes. Select 'No' if no vasopressor administered within time frame, or unable to determine.",nursing note documents phenylephrine initiated intraosseous within 1 hour of presentation.
"Vasopressor Administration, Severe Sepsis","Was an intravenous or intraosseous vasopressor administered within the specified time frame? The specified time frame starts at Septic Shock Presentation Time and ends six hours after. Note: Select 'Yes' if there is documentation of actual administration (e.g., 'vasopressor running', 'vasopressor given') of an IV or IO vasopressor from Appendix C, Table 5.2. Acceptable sources include MAR, IV flow sheets, nursing notes, physician notes, and transport records. Do not abstract orders unless designated as given. Do not abstract test doses or non-IV/IO routes. Select 'No' if no vasopressor administered within time frame, or unable to determine.",physician note documents Levophed titrating intravenous at septic shock presentation.
"Vasopressor Administration, Severe Sepsis","Was an intravenous or intraosseous vasopressor administered within the specified time frame? The specified time frame starts at Septic Shock Presentation Time and ends six hours after. Note: Select 'Yes' if there is documentation of actual administration (e.g., 'vasopressor running', 'vasopressor given') of an IV or IO vasopressor from Appendix C, Table 5.2. Acceptable sources include MAR, IV flow sheets, nursing notes, physician notes, and transport records. Do not abstract orders unless designated as given. Do not abstract test doses or non-IV/IO routes. Select 'No' if no vasopressor administered within time frame, or unable to determine.","Per ambulance record, epinephrine titrating via IO 2 hours after presentation."
"Vasopressor Administration, Severe Sepsis","Was an intravenous or intraosseous vasopressor administered within the specified time frame? The specified time frame starts at Septic Shock Presentation Time and ends six hours after. Note: Select 'Yes' if there is documentation of actual administration (e.g., 'vasopressor running', 'vasopressor given') of an IV or IO vasopressor from Appendix C, Table 5.2. Acceptable sources include MAR, IV flow sheets, nursing notes, physician notes, and transport records. Do not abstract orders unless designated as given. Do not abstract test doses or non-IV/IO routes. Select 'No' if no vasopressor administered within time frame, or unable to determine.",norepinephrine IO administered at time of triage.
"Vasopressor Administration, Severe Sepsis","Was an intravenous or intraosseous vasopressor administered within the specified time frame? The specified time frame starts at Septic Shock Presentation Time and ends six hours after. Note: Select 'Yes' if there is documentation of actual administration (e.g., 'vasopressor running', 'vasopressor given') of an IV or IO vasopressor from Appendix C, Table 5.2. Acceptable sources include MAR, IV flow sheets, nursing notes, physician notes, and transport records. Do not abstract orders unless designated as given. Do not abstract test doses or non-IV/IO routes. Select 'No' if no vasopressor administered within time frame, or unable to determine.","Per APN note, Neo-Synephrine initiated via IO at 08:00."
"Vasopressor Administration, Severe Sepsis","Was an intravenous or intraosseous vasopressor administered within the specified time frame? The specified time frame starts at Septic Shock Presentation Time and ends six hours after. Note: Select 'Yes' if there is documentation of actual administration (e.g., 'vasopressor running', 'vasopressor given') of an IV or IO vasopressor from Appendix C, Table 5.2. Acceptable sources include MAR, IV flow sheets, nursing notes, physician notes, and transport records. Do not abstract orders unless designated as given. Do not abstract test doses or non-IV/IO routes. Select 'No' if no vasopressor administered within time frame, or unable to determine.",Nursing note: phenylephrine vasopressor running via IO at time of triage.
"Vasopressor Administration, Severe Sepsis","Was an intravenous or intraosseous vasopressor administered within the specified time frame? The specified time frame starts at Septic Shock Presentation Time and ends six hours after. Note: Select 'Yes' if there is documentation of actual administration (e.g., 'vasopressor running', 'vasopressor given') of an IV or IO vasopressor from Appendix C, Table 5.2. Acceptable sources include MAR, IV flow sheets, nursing notes, physician notes, and transport records. Do not abstract orders unless designated as given. Do not abstract test doses or non-IV/IO routes. Select 'No' if no vasopressor administered within time frame, or unable to determine.",phenylephrine started at 2 hours after presentation per IV flow sheet - titrating via IO.
"Vasopressor Administration, Severe Sepsis","Was an intravenous or intraosseous vasopressor administered within the specified time frame? The specified time frame starts at Septic Shock Presentation Time and ends six hours after. Note: Select 'Yes' if there is documentation of actual administration (e.g., 'vasopressor running', 'vasopressor given') of an IV or IO vasopressor from Appendix C, Table 5.2. Acceptable sources include MAR, IV flow sheets, nursing notes, physician notes, and transport records. Do not abstract orders unless designated as given. Do not abstract test doses or non-IV/IO routes. Select 'No' if no vasopressor administered within time frame, or unable to determine.",vasopressin infusing at time of septic shock presentation at septic shock presentation.
"Vasopressor Administration, Severe Sepsis","Was an intravenous or intraosseous vasopressor administered within the specified time frame? The specified time frame starts at Septic Shock Presentation Time and ends six hours after. Note: Select 'Yes' if there is documentation of actual administration (e.g., 'vasopressor running', 'vasopressor given') of an IV or IO vasopressor from Appendix C, Table 5.2. Acceptable sources include MAR, IV flow sheets, nursing notes, physician notes, and transport records. Do not abstract orders unless designated as given. Do not abstract test doses or non-IV/IO routes. Select 'No' if no vasopressor administered within time frame, or unable to determine.",Nursing note: vasopressin started via intraosseous on arrival.
"Vasopressor Administration, Severe Sepsis","Was an intravenous or intraosseous vasopressor administered within the specified time frame? The specified time frame starts at Septic Shock Presentation Time and ends six hours after. Note: Select 'Yes' if there is documentation of actual administration (e.g., 'vasopressor running', 'vasopressor given') of an IV or IO vasopressor from Appendix C, Table 5.2. Acceptable sources include MAR, IV flow sheets, nursing notes, physician notes, and transport records. Do not abstract orders unless designated as given. Do not abstract test doses or non-IV/IO routes. Select 'No' if no vasopressor administered within time frame, or unable to determine.",nursing note documents Neo-Synephrine administered intraosseous within the specified time frame.
"Vasopressor Administration, Severe Sepsis","Was an intravenous or intraosseous vasopressor administered within the specified time frame? The specified time frame starts at Septic Shock Presentation Time and ends six hours after. Note: Select 'Yes' if there is documentation of actual administration (e.g., 'vasopressor running', 'vasopressor given') of an IV or IO vasopressor from Appendix C, Table 5.2. Acceptable sources include MAR, IV flow sheets, nursing notes, physician notes, and transport records. Do not abstract orders unless designated as given. Do not abstract test doses or non-IV/IO routes. Select 'No' if no vasopressor administered within time frame, or unable to determine.",Levophed started at within the specified time frame per MAR - started via IO.
"Vasopressor Administration, Severe Sepsis","Was an intravenous or intraosseous vasopressor administered within the specified time frame? The specified time frame starts at Septic Shock Presentation Time and ends six hours after. Note: Select 'Yes' if there is documentation of actual administration (e.g., 'vasopressor running', 'vasopressor given') of an IV or IO vasopressor from Appendix C, Table 5.2. Acceptable sources include MAR, IV flow sheets, nursing notes, physician notes, and transport records. Do not abstract orders unless designated as given. Do not abstract test doses or non-IV/IO routes. Select 'No' if no vasopressor administered within time frame, or unable to determine.",vasopressin infusing at time of septic shock presentation within 1 hour of presentation.
"Vasopressor Administration, Severe Sepsis","Was an intravenous or intraosseous vasopressor administered within the specified time frame? The specified time frame starts at Septic Shock Presentation Time and ends six hours after. Note: Select 'Yes' if there is documentation of actual administration (e.g., 'vasopressor running', 'vasopressor given') of an IV or IO vasopressor from Appendix C, Table 5.2. Acceptable sources include MAR, IV flow sheets, nursing notes, physician notes, and transport records. Do not abstract orders unless designated as given. Do not abstract test doses or non-IV/IO routes. Select 'No' if no vasopressor administered within time frame, or unable to determine.",Adrenalin started at 2 hours after presentation per nursing note - vasopressor given via intravenous.
"Vasopressor Administration, Severe Sepsis","Was an intravenous or intraosseous vasopressor administered within the specified time frame? The specified time frame starts at Septic Shock Presentation Time and ends six hours after. Note: Select 'Yes' if there is documentation of actual administration (e.g., 'vasopressor running', 'vasopressor given') of an IV or IO vasopressor from Appendix C, Table 5.2. Acceptable sources include MAR, IV flow sheets, nursing notes, physician notes, and transport records. Do not abstract orders unless designated as given. Do not abstract test doses or non-IV/IO routes. Select 'No' if no vasopressor administered within time frame, or unable to determine.","Per MAR, phenylephrine infusing via IO on arrival."
"Vasopressor Administration, Severe Sepsis","Was an intravenous or intraosseous vasopressor administered within the specified time frame? The specified time frame starts at Septic Shock Presentation Time and ends six hours after. Note: Select 'Yes' if there is documentation of actual administration (e.g., 'vasopressor running', 'vasopressor given') of an IV or IO vasopressor from Appendix C, Table 5.2. Acceptable sources include MAR, IV flow sheets, nursing notes, physician notes, and transport records. Do not abstract orders unless designated as given. Do not abstract test doses or non-IV/IO routes. Select 'No' if no vasopressor administered within time frame, or unable to determine.",Levophed intravenous on continuous infusion at 22:30.
"Vasopressor Administration, Severe Sepsis","Was an intravenous or intraosseous vasopressor administered within the specified time frame? The specified time frame starts at Septic Shock Presentation Time and ends six hours after. Note: Select 'Yes' if there is documentation of actual administration (e.g., 'vasopressor running', 'vasopressor given') of an IV or IO vasopressor from Appendix C, Table 5.2. Acceptable sources include MAR, IV flow sheets, nursing notes, physician notes, and transport records. Do not abstract orders unless designated as given. Do not abstract test doses or non-IV/IO routes. Select 'No' if no vasopressor administered within time frame, or unable to determine.",Nursing note: phenylephrine on continuous infusion via intraosseous within 1 hour of presentation.
"Vasopressor Administration, Severe Sepsis","Was an intravenous or intraosseous vasopressor administered within the specified time frame? The specified time frame starts at Septic Shock Presentation Time and ends six hours after. Note: Select 'Yes' if there is documentation of actual administration (e.g., 'vasopressor running', 'vasopressor given') of an IV or IO vasopressor from Appendix C, Table 5.2. Acceptable sources include MAR, IV flow sheets, nursing notes, physician notes, and transport records. Do not abstract orders unless designated as given. Do not abstract test doses or non-IV/IO routes. Select 'No' if no vasopressor administered within time frame, or unable to determine.",Patient receiving Levophed via IV at time of triage - titrating on arrival.
"Vasopressor Administration, Severe Sepsis","Was an intravenous or intraosseous vasopressor administered within the specified time frame? The specified time frame starts at Septic Shock Presentation Time and ends six hours after. Note: Select 'Yes' if there is documentation of actual administration (e.g., 'vasopressor running', 'vasopressor given') of an IV or IO vasopressor from Appendix C, Table 5.2. Acceptable sources include MAR, IV flow sheets, nursing notes, physician notes, and transport records. Do not abstract orders unless designated as given. Do not abstract test doses or non-IV/IO routes. Select 'No' if no vasopressor administered within time frame, or unable to determine.",Adrenalin started at at 22:30 per IV flow sheet - infusing via IV.
"Vasopressor Administration, Severe Sepsis","Was an intravenous or intraosseous vasopressor administered within the specified time frame? The specified time frame starts at Septic Shock Presentation Time and ends six hours after. Note: Select 'Yes' if there is documentation of actual administration (e.g., 'vasopressor running', 'vasopressor given') of an IV or IO vasopressor from Appendix C, Table 5.2. Acceptable sources include MAR, IV flow sheets, nursing notes, physician notes, and transport records. Do not abstract orders unless designated as given. Do not abstract test doses or non-IV/IO routes. Select 'No' if no vasopressor administered within time frame, or unable to determine.",Patient receiving Adrenalin via IO at time of triage - on continuous infusion within the specified time frame.
"Vasopressor Administration, Severe Sepsis","Was an intravenous or intraosseous vasopressor administered within the specified time frame? The specified time frame starts at Septic Shock Presentation Time and ends six hours after. Note: Select 'Yes' if there is documentation of actual administration (e.g., 'vasopressor running', 'vasopressor given') of an IV or IO vasopressor from Appendix C, Table 5.2. Acceptable sources include MAR, IV flow sheets, nursing notes, physician notes, and transport records. Do not abstract orders unless designated as given. Do not abstract test doses or non-IV/IO routes. Select 'No' if no vasopressor administered within time frame, or unable to determine.",Adrenalin started at at septic shock presentation per transport record - on continuous infusion via intravenous.
"Vasopressor Administration, Severe Sepsis","Was an intravenous or intraosseous vasopressor administered within the specified time frame? The specified time frame starts at Septic Shock Presentation Time and ends six hours after. Note: Select 'Yes' if there is documentation of actual administration (e.g., 'vasopressor running', 'vasopressor given') of an IV or IO vasopressor from Appendix C, Table 5.2. Acceptable sources include MAR, IV flow sheets, nursing notes, physician notes, and transport records. Do not abstract orders unless designated as given. Do not abstract test doses or non-IV/IO routes. Select 'No' if no vasopressor administered within time frame, or unable to determine.",nursing note documents epinephrine infusing intraosseous at 22:30.
"Vasopressor Administration, Severe Sepsis","Was an intravenous or intraosseous vasopressor administered within the specified time frame? The specified time frame starts at Septic Shock Presentation Time and ends six hours after. Note: Select 'Yes' if there is documentation of actual administration (e.g., 'vasopressor running', 'vasopressor given') of an IV or IO vasopressor from Appendix C, Table 5.2. Acceptable sources include MAR, IV flow sheets, nursing notes, physician notes, and transport records. Do not abstract orders unless designated as given. Do not abstract test doses or non-IV/IO routes. Select 'No' if no vasopressor administered within time frame, or unable to determine.","Per physician note, epinephrine started via intravenous 2 hours after presentation."
"Vasopressor Administration, Severe Sepsis","Was an intravenous or intraosseous vasopressor administered within the specified time frame? The specified time frame starts at Septic Shock Presentation Time and ends six hours after. Note: Select 'Yes' if there is documentation of actual administration (e.g., 'vasopressor running', 'vasopressor given') of an IV or IO vasopressor from Appendix C, Table 5.2. Acceptable sources include MAR, IV flow sheets, nursing notes, physician notes, and transport records. Do not abstract orders unless designated as given. Do not abstract test doses or non-IV/IO routes. Select 'No' if no vasopressor administered within time frame, or unable to determine.",norepinephrine started at within the specified time frame per MAR - administered via intravenous.
"Vasopressor Administration, Severe Sepsis","Was an intravenous or intraosseous vasopressor administered within the specified time frame? The specified time frame starts at Septic Shock Presentation Time and ends six hours after. Note: Select 'Yes' if there is documentation of actual administration (e.g., 'vasopressor running', 'vasopressor given') of an IV or IO vasopressor from Appendix C, Table 5.2. Acceptable sources include MAR, IV flow sheets, nursing notes, physician notes, and transport records. Do not abstract orders unless designated as given. Do not abstract test doses or non-IV/IO routes. Select 'No' if no vasopressor administered within time frame, or unable to determine.",Patient receiving phenylephrine via IV at time of triage - titrating 2 hours after presentation.
"Vasopressor Administration, Severe Sepsis","Was an intravenous or intraosseous vasopressor administered within the specified time frame? The specified time frame starts at Septic Shock Presentation Time and ends six hours after. Note: Select 'Yes' if there is documentation of actual administration (e.g., 'vasopressor running', 'vasopressor given') of an IV or IO vasopressor from Appendix C, Table 5.2. Acceptable sources include MAR, IV flow sheets, nursing notes, physician notes, and transport records. Do not abstract orders unless designated as given. Do not abstract test doses or non-IV/IO routes. Select 'No' if no vasopressor administered within time frame, or unable to determine.",Adrenalin started at within the specified time frame per MAR - vasopressor running via intraosseous.
"Vasopressor Administration, Severe Sepsis","Was an intravenous or intraosseous vasopressor administered within the specified time frame? The specified time frame starts at Septic Shock Presentation Time and ends six hours after. Note: Select 'Yes' if there is documentation of actual administration (e.g., 'vasopressor running', 'vasopressor given') of an IV or IO vasopressor from Appendix C, Table 5.2. Acceptable sources include MAR, IV flow sheets, nursing notes, physician notes, and transport records. Do not abstract orders unless designated as given. Do not abstract test doses or non-IV/IO routes. Select 'No' if no vasopressor administered within time frame, or unable to determine.",Nursing note: Levophed on continuous infusion via intraosseous 2 hours after presentation.
"Vasopressor Administration, Severe Sepsis","Was an intravenous or intraosseous vasopressor administered within the specified time frame? The specified time frame starts at Septic Shock Presentation Time and ends six hours after. Note: Select 'Yes' if there is documentation of actual administration (e.g., 'vasopressor running', 'vasopressor given') of an IV or IO vasopressor from Appendix C, Table 5.2. Acceptable sources include MAR, IV flow sheets, nursing notes, physician notes, and transport records. Do not abstract orders unless designated as given. Do not abstract test doses or non-IV/IO routes. Select 'No' if no vasopressor administered within time frame, or unable to determine.",Neo-Synephrine infusion infusing per transport record within 1 hour of presentation.
"Vasopressor Administration, Severe Sepsis","Was an intravenous or intraosseous vasopressor administered within the specified time frame? The specified time frame starts at Septic Shock Presentation Time and ends six hours after. Note: Select 'Yes' if there is documentation of actual administration (e.g., 'vasopressor running', 'vasopressor given') of an IV or IO vasopressor from Appendix C, Table 5.2. Acceptable sources include MAR, IV flow sheets, nursing notes, physician notes, and transport records. Do not abstract orders unless designated as given. Do not abstract test doses or non-IV/IO routes. Select 'No' if no vasopressor administered within time frame, or unable to determine.",Neo-Synephrine infusion vasopressor running per APN note 2 hours after presentation.
"Vasopressor Administration, Severe Sepsis","Was an intravenous or intraosseous vasopressor administered within the specified time frame? The specified time frame starts at Septic Shock Presentation Time and ends six hours after. Note: Select 'Yes' if there is documentation of actual administration (e.g., 'vasopressor running', 'vasopressor given') of an IV or IO vasopressor from Appendix C, Table 5.2. Acceptable sources include MAR, IV flow sheets, nursing notes, physician notes, and transport records. Do not abstract orders unless designated as given. Do not abstract test doses or non-IV/IO routes. Select 'No' if no vasopressor administered within time frame, or unable to determine.",Nursing note: dopamine administered via intraosseous at time of triage.
"Vasopressor Administration, Severe Sepsis","Was an intravenous or intraosseous vasopressor administered within the specified time frame? The specified time frame starts at Septic Shock Presentation Time and ends six hours after. Note: Select 'Yes' if there is documentation of actual administration (e.g., 'vasopressor running', 'vasopressor given') of an IV or IO vasopressor from Appendix C, Table 5.2. Acceptable sources include MAR, IV flow sheets, nursing notes, physician notes, and transport records. Do not abstract orders unless designated as given. Do not abstract test doses or non-IV/IO routes. Select 'No' if no vasopressor administered within time frame, or unable to determine.",Nursing note: Levophed titrating via IV at 22:30.
"Vasopressor Administration, Severe Sepsis","Was an intravenous or intraosseous vasopressor administered within the specified time frame? The specified time frame starts at Septic Shock Presentation Time and ends six hours after. Note: Select 'Yes' if there is documentation of actual administration (e.g., 'vasopressor running', 'vasopressor given') of an IV or IO vasopressor from Appendix C, Table 5.2. Acceptable sources include MAR, IV flow sheets, nursing notes, physician notes, and transport records. Do not abstract orders unless designated as given. Do not abstract test doses or non-IV/IO routes. Select 'No' if no vasopressor administered within time frame, or unable to determine.",Patient receiving Levophed via IO at time of triage - titrating within 1 hour of presentation.
"Vasopressor Administration, Severe Sepsis","Was an intravenous or intraosseous vasopressor administered within the specified time frame? The specified time frame starts at Septic Shock Presentation Time and ends six hours after. Note: Select 'Yes' if there is documentation of actual administration (e.g., 'vasopressor running', 'vasopressor given') of an IV or IO vasopressor from Appendix C, Table 5.2. Acceptable sources include MAR, IV flow sheets, nursing notes, physician notes, and transport records. Do not abstract orders unless designated as given. Do not abstract test doses or non-IV/IO routes. Select 'No' if no vasopressor administered within time frame, or unable to determine.",Patient on vasopressin drip titrating at presentation within the specified time frame.
"Vasopressor Administration, Severe Sepsis","Was an intravenous or intraosseous vasopressor administered within the specified time frame? The specified time frame starts at Septic Shock Presentation Time and ends six hours after. Note: Select 'Yes' if there is documentation of actual administration (e.g., 'vasopressor running', 'vasopressor given') of an IV or IO vasopressor from Appendix C, Table 5.2. Acceptable sources include MAR, IV flow sheets, nursing notes, physician notes, and transport records. Do not abstract orders unless designated as given. Do not abstract test doses or non-IV/IO routes. Select 'No' if no vasopressor administered within time frame, or unable to determine.",norepinephrine infusion vasopressor running per ambulance record at time of triage.
"Vasopressor Administration, Severe Sepsis","Was an intravenous or intraosseous vasopressor administered within the specified time frame? The specified time frame starts at Septic Shock Presentation Time and ends six hours after. Note: Select 'Yes' if there is documentation of actual administration (e.g., 'vasopressor running', 'vasopressor given') of an IV or IO vasopressor from Appendix C, Table 5.2. Acceptable sources include MAR, IV flow sheets, nursing notes, physician notes, and transport records. Do not abstract orders unless designated as given. Do not abstract test doses or non-IV/IO routes. Select 'No' if no vasopressor administered within time frame, or unable to determine.",IV flow sheet shows phenylephrine vasopressor running IV within 1 hour of presentation.
"Vasopressor Administration, Severe Sepsis","Was an intravenous or intraosseous vasopressor administered within the specified time frame? The specified time frame starts at Septic Shock Presentation Time and ends six hours after. Note: Select 'Yes' if there is documentation of actual administration (e.g., 'vasopressor running', 'vasopressor given') of an IV or IO vasopressor from Appendix C, Table 5.2. Acceptable sources include MAR, IV flow sheets, nursing notes, physician notes, and transport records. Do not abstract orders unless designated as given. Do not abstract test doses or non-IV/IO routes. Select 'No' if no vasopressor administered within time frame, or unable to determine.",Medication Administration Record documents Levophed infusing intravenous at 22:30.
"Vasopressor Administration, Severe Sepsis","Was an intravenous or intraosseous vasopressor administered within the specified time frame? The specified time frame starts at Septic Shock Presentation Time and ends six hours after. Note: Select 'Yes' if there is documentation of actual administration (e.g., 'vasopressor running', 'vasopressor given') of an IV or IO vasopressor from Appendix C, Table 5.2. Acceptable sources include MAR, IV flow sheets, nursing notes, physician notes, and transport records. Do not abstract orders unless designated as given. Do not abstract test doses or non-IV/IO routes. Select 'No' if no vasopressor administered within time frame, or unable to determine.","Per physician note, phenylephrine started via intraosseous on arrival."
"Vasopressor Administration, Severe Sepsis","Was an intravenous or intraosseous vasopressor administered within the specified time frame? The specified time frame starts at Septic Shock Presentation Time and ends six hours after. Note: Select 'Yes' if there is documentation of actual administration (e.g., 'vasopressor running', 'vasopressor given') of an IV or IO vasopressor from Appendix C, Table 5.2. Acceptable sources include MAR, IV flow sheets, nursing notes, physician notes, and transport records. Do not abstract orders unless designated as given. Do not abstract test doses or non-IV/IO routes. Select 'No' if no vasopressor administered within time frame, or unable to determine.",norepinephrine infusing at time of septic shock presentation at time of triage.
"Vasopressor Administration, Severe Sepsis","Was an intravenous or intraosseous vasopressor administered within the specified time frame? The specified time frame starts at Septic Shock Presentation Time and ends six hours after. Note: Select 'Yes' if there is documentation of actual administration (e.g., 'vasopressor running', 'vasopressor given') of an IV or IO vasopressor from Appendix C, Table 5.2. Acceptable sources include MAR, IV flow sheets, nursing notes, physician notes, and transport records. Do not abstract orders unless designated as given. Do not abstract test doses or non-IV/IO routes. Select 'No' if no vasopressor administered within time frame, or unable to determine.",Neo-Synephrine infusion infusing per IV flow sheet within 1 hour of presentation.
"Vasopressor Administration, Severe Sepsis","Was an intravenous or intraosseous vasopressor administered within the specified time frame? The specified time frame starts at Septic Shock Presentation Time and ends six hours after. Note: Select 'Yes' if there is documentation of actual administration (e.g., 'vasopressor running', 'vasopressor given') of an IV or IO vasopressor from Appendix C, Table 5.2. Acceptable sources include MAR, IV flow sheets, nursing notes, physician notes, and transport records. Do not abstract orders unless designated as given. Do not abstract test doses or non-IV/IO routes. Select 'No' if no vasopressor administered within time frame, or unable to determine.","Per physician note, epinephrine vasopressor running via IV within the specified time frame."
"Vasopressor Administration, Severe Sepsis","Was an intravenous or intraosseous vasopressor administered within the specified time frame? The specified time frame starts at Septic Shock Presentation Time and ends six hours after. Note: Select 'Yes' if there is documentation of actual administration (e.g., 'vasopressor running', 'vasopressor given') of an IV or IO vasopressor from Appendix C, Table 5.2. Acceptable sources include MAR, IV flow sheets, nursing notes, physician notes, and transport records. Do not abstract orders unless designated as given. Do not abstract test doses or non-IV/IO routes. Select 'No' if no vasopressor administered within time frame, or unable to determine.",IV flow sheet shows norepinephrine vasopressor running IO at 22:30.
"Vasopressor Administration, Severe Sepsis","Was an intravenous or intraosseous vasopressor administered within the specified time frame? The specified time frame starts at Septic Shock Presentation Time and ends six hours after. Note: Select 'Yes' if there is documentation of actual administration (e.g., 'vasopressor running', 'vasopressor given') of an IV or IO vasopressor from Appendix C, Table 5.2. Acceptable sources include MAR, IV flow sheets, nursing notes, physician notes, and transport records. Do not abstract orders unless designated as given. Do not abstract test doses or non-IV/IO routes. Select 'No' if no vasopressor administered within time frame, or unable to determine.","Per Medication Administration Record, Neo-Synephrine on continuous infusion via IO within the specified time frame."
